#CHR	START	END	SAMPLE	cn_normal	u_normal	cn_clone1	u_clone1	cn_clone2	u_clone2
chr1	1	100000	bulk_08clone0_0clone1_02normal	1|1	0.199521	2|1	0	2|0	0.800479
chr1	1	100000	bulk_0clone0_05clone1_05normal	1|1	0.500013	2|1	0.499987	2|0	0
chr1	300000	400000	bulk_08clone0_0clone1_02normal	1|1	0.199521	2|1	0	2|0	0.800479
chr1	300000	400000	bulk_0clone0_05clone1_05normal	1|1	0.500013	2|1	0.499987	2|0	0
chr1	500000	13200000	bulk_08clone0_0clone1_02normal	1|1	0.199521	2|1	0	2|0	0.800479
chr1	500000	13200000	bulk_0clone0_05clone1_05normal	1|1	0.500013	2|1	0.499987	2|0	0
chr1	13300000	13400000	bulk_08clone0_0clone1_02normal	1|1	0.199521	2|1	0	2|0	0.800479
chr1	13300000	13400000	bulk_0clone0_05clone1_05normal	1|1	0.500013	2|1	0.499987	2|0	0
chr1	13600000	29900000	bulk_08clone0_0clone1_02normal	1|1	0.199521	2|1	0	2|0	0.800479
chr1	13600000	29900000	bulk_0clone0_05clone1_05normal	1|1	0.500013	2|1	0.499987	2|0	0
chr1	30000000	66500000	bulk_08clone0_0clone1_02normal	1|1	0.199521	2|1	0	2|0	0.800479
chr1	30000000	66500000	bulk_0clone0_05clone1_05normal	1|1	0.500013	2|1	0.499987	2|0	0
chr1	66500000	66600000	bulk_08clone0_0clone1_02normal	1|1	0.199521	1|1	0	1|0	0.800479
chr1	66500000	66600000	bulk_0clone0_05clone1_05normal	1|1	0.500013	1|1	0.499987	1|0	0
chr1	66600000	74700000	bulk_08clone0_0clone1_02normal	1|1	0.199521	1|1	0	1|1	0.800479
chr1	66600000	74700000	bulk_0clone0_05clone1_05normal	1|1	0.500013	1|1	0.499987	1|1	0
chr1	74700000	74800000	bulk_08clone0_0clone1_02normal	1|1	0.199521	1|1	0	2|1	0.800479
chr1	74700000	74800000	bulk_0clone0_05clone1_05normal	1|1	0.500013	1|1	0.499987	2|1	0
chr1	74800000	75700000	bulk_08clone0_0clone1_02normal	1|1	0.199521	2|1	0	2|1	0.800479
chr1	74800000	75700000	bulk_0clone0_05clone1_05normal	1|1	0.500013	2|1	0.499987	2|1	0
chr1	75700000	93300000	bulk_08clone0_0clone1_02normal	1|1	0.199521	1|0	0	1|0	0.800479
chr1	75700000	93300000	bulk_0clone0_05clone1_05normal	1|1	0.500013	1|0	0.499987	1|0	0
chr1	93400000	94800000	bulk_08clone0_0clone1_02normal	1|1	0.199521	1|0	0	1|0	0.800479
chr1	93400000	94800000	bulk_0clone0_05clone1_05normal	1|1	0.500013	1|0	0.499987	1|0	0
chr1	94900000	97500000	bulk_08clone0_0clone1_02normal	1|1	0.199521	1|0	0	1|0	0.800479
chr1	94900000	97500000	bulk_0clone0_05clone1_05normal	1|1	0.500013	1|0	0.499987	1|0	0
chr1	97600000	103800000	bulk_08clone0_0clone1_02normal	1|1	0.199521	1|0	0	1|0	0.800479
chr1	97600000	103800000	bulk_0clone0_05clone1_05normal	1|1	0.500013	1|0	0.499987	1|0	0
chr1	103900000	104200000	bulk_08clone0_0clone1_02normal	1|1	0.199521	1|0	0	1|0	0.800479
chr1	103900000	104200000	bulk_0clone0_05clone1_05normal	1|1	0.500013	1|0	0.499987	1|0	0
chr1	104300000	121000000	bulk_08clone0_0clone1_02normal	1|1	0.199521	1|0	0	1|0	0.800479
chr1	104300000	121000000	bulk_0clone0_05clone1_05normal	1|1	0.500013	1|0	0.499987	1|0	0
chr1	121100000	121400000	bulk_08clone0_0clone1_02normal	1|1	0.199521	1|0	0	1|0	0.800479
chr1	121100000	121400000	bulk_0clone0_05clone1_05normal	1|1	0.500013	1|0	0.499987	1|0	0
chr1	142500000	142900000	bulk_08clone0_0clone1_02normal	1|1	0.199521	1|1	0	1|1	0.800479
chr1	142500000	142900000	bulk_0clone0_05clone1_05normal	1|1	0.500013	1|1	0.499987	1|1	0
chr1	143100000	143300000	bulk_08clone0_0clone1_02normal	1|1	0.199521	1|1	0	1|1	0.800479
chr1	143100000	143300000	bulk_0clone0_05clone1_05normal	1|1	0.500013	1|1	0.499987	1|1	0
chr1	143300000	143400000	bulk_08clone0_0clone1_02normal	1|1	0.199521	1|1	0	2|1	0.800479
chr1	143300000	143400000	bulk_0clone0_05clone1_05normal	1|1	0.500013	1|1	0.499987	2|1	0
chr1	143400000	143600000	bulk_08clone0_0clone1_02normal	1|1	0.199521	1|1	0	1|1	0.800479
chr1	143400000	143600000	bulk_0clone0_05clone1_05normal	1|1	0.500013	1|1	0.499987	1|1	0
chr1	143700000	143800000	bulk_08clone0_0clone1_02normal	1|1	0.199521	1|1	0	1|1	0.800479
chr1	143700000	143800000	bulk_0clone0_05clone1_05normal	1|1	0.500013	1|1	0.499987	1|1	0
chr1	144000000	144200000	bulk_08clone0_0clone1_02normal	1|1	0.199521	1|1	0	1|1	0.800479
chr1	144000000	144200000	bulk_0clone0_05clone1_05normal	1|1	0.500013	1|1	0.499987	1|1	0
chr1	144500000	144700000	bulk_08clone0_0clone1_02normal	1|1	0.199521	1|1	0	1|1	0.800479
chr1	144500000	144700000	bulk_0clone0_05clone1_05normal	1|1	0.500013	1|1	0.499987	1|1	0
chr1	144800000	146100000	bulk_08clone0_0clone1_02normal	1|1	0.199521	1|1	0	1|1	0.800479
chr1	144800000	146100000	bulk_0clone0_05clone1_05normal	1|1	0.500013	1|1	0.499987	1|1	0
chr1	146300000	147900000	bulk_08clone0_0clone1_02normal	1|1	0.199521	1|1	0	1|1	0.800479
chr1	146300000	147900000	bulk_0clone0_05clone1_05normal	1|1	0.500013	1|1	0.499987	1|1	0
chr1	148000000	148100000	bulk_08clone0_0clone1_02normal	1|1	0.199521	1|1	0	1|1	0.800479
chr1	148000000	148100000	bulk_0clone0_05clone1_05normal	1|1	0.500013	1|1	0.499987	1|1	0
chr1	148200000	148300000	bulk_08clone0_0clone1_02normal	1|1	0.199521	1|1	0	1|1	0.800479
chr1	148200000	148300000	bulk_0clone0_05clone1_05normal	1|1	0.500013	1|1	0.499987	1|1	0
chr1	148500000	148600000	bulk_08clone0_0clone1_02normal	1|1	0.199521	1|1	0	1|1	0.800479
chr1	148500000	148600000	bulk_0clone0_05clone1_05normal	1|1	0.500013	1|1	0.499987	1|1	0
chr1	148800000	152000000	bulk_08clone0_0clone1_02normal	1|1	0.199521	1|1	0	1|1	0.800479
chr1	148800000	152000000	bulk_0clone0_05clone1_05normal	1|1	0.500013	1|1	0.499987	1|1	0
chr1	152000000	152100000	bulk_08clone0_0clone1_02normal	1|1	0.199521	1|1	0	2|1	0.800479
chr1	152000000	152100000	bulk_0clone0_05clone1_05normal	1|1	0.500013	1|1	0.499987	2|1	0
chr1	152100000	161800000	bulk_08clone0_0clone1_02normal	1|1	0.199521	1|1	0	1|1	0.800479
chr1	152100000	161800000	bulk_0clone0_05clone1_05normal	1|1	0.500013	1|1	0.499987	1|1	0
chr1	161900000	171000000	bulk_08clone0_0clone1_02normal	1|1	0.199521	1|1	0	1|1	0.800479
chr1	161900000	171000000	bulk_0clone0_05clone1_05normal	1|1	0.500013	1|1	0.499987	1|1	0
chr1	171000000	206000000	bulk_08clone0_0clone1_02normal	1|1	0.199521	1|0	0	1|0	0.800479
chr1	171000000	206000000	bulk_0clone0_05clone1_05normal	1|1	0.500013	1|0	0.499987	1|0	0
chr1	206100000	206400000	bulk_08clone0_0clone1_02normal	1|1	0.199521	1|0	0	1|0	0.800479
chr1	206100000	206400000	bulk_0clone0_05clone1_05normal	1|1	0.500013	1|0	0.499987	1|0	0
chr1	206500000	233500000	bulk_08clone0_0clone1_02normal	1|1	0.199521	1|0	0	1|0	0.800479
chr1	206500000	233500000	bulk_0clone0_05clone1_05normal	1|1	0.500013	1|0	0.499987	1|0	0
chr1	233500000	249200000	bulk_08clone0_0clone1_02normal	1|1	0.199521	1|0	0	3|1	0.800479
chr1	233500000	249200000	bulk_0clone0_05clone1_05normal	1|1	0.500013	1|0	0.499987	3|1	0
chr10	1	2700000	bulk_08clone0_0clone1_02normal	1|1	0.199521	1|1	0	1|1	0.800479
chr10	1	2700000	bulk_0clone0_05clone1_05normal	1|1	0.500013	1|1	0.499987	1|1	0
chr10	2700000	2800000	bulk_08clone0_0clone1_02normal	1|1	0.199521	1|1	0	2|1	0.800479
chr10	2700000	2800000	bulk_0clone0_05clone1_05normal	1|1	0.500013	1|1	0.499987	2|1	0
chr10	2800000	9800000	bulk_08clone0_0clone1_02normal	1|1	0.199521	2|1	0	2|1	0.800479
chr10	2800000	9800000	bulk_0clone0_05clone1_05normal	1|1	0.500013	2|1	0.499987	2|1	0
chr10	9800000	9900000	bulk_08clone0_0clone1_02normal	1|1	0.199521	1|1	0	2|1	0.800479
chr10	9800000	9900000	bulk_0clone0_05clone1_05normal	1|1	0.500013	1|1	0.499987	2|1	0
chr10	9900000	17900000	bulk_08clone0_0clone1_02normal	1|1	0.199521	2|1	0	2|1	0.800479
chr10	9900000	17900000	bulk_0clone0_05clone1_05normal	1|1	0.500013	2|1	0.499987	2|1	0
chr10	18200000	37900000	bulk_08clone0_0clone1_02normal	1|1	0.199521	2|1	0	2|1	0.800479
chr10	18200000	37900000	bulk_0clone0_05clone1_05normal	1|1	0.500013	2|1	0.499987	2|1	0
chr10	42300000	46300000	bulk_08clone0_0clone1_02normal	1|1	0.199521	2|1	0	2|1	0.800479
chr10	42300000	46300000	bulk_0clone0_05clone1_05normal	1|1	0.500013	2|1	0.499987	2|1	0
chr10	46700000	46800000	bulk_08clone0_0clone1_02normal	1|1	0.199521	2|1	0	2|1	0.800479
chr10	46700000	46800000	bulk_0clone0_05clone1_05normal	1|1	0.500013	2|1	0.499987	2|1	0
chr10	46900000	47200000	bulk_08clone0_0clone1_02normal	1|1	0.199521	2|1	0	2|1	0.800479
chr10	46900000	47200000	bulk_0clone0_05clone1_05normal	1|1	0.500013	2|1	0.499987	2|1	0
chr10	47300000	47400000	bulk_08clone0_0clone1_02normal	1|1	0.199521	2|1	0	2|1	0.800479
chr10	47300000	47400000	bulk_0clone0_05clone1_05normal	1|1	0.500013	2|1	0.499987	2|1	0
chr10	47400000	47500000	bulk_08clone0_0clone1_02normal	1|1	0.199521	1|1	0	2|1	0.800479
chr10	47400000	47500000	bulk_0clone0_05clone1_05normal	1|1	0.500013	1|1	0.499987	2|1	0
chr10	47500000	47800000	bulk_08clone0_0clone1_02normal	1|1	0.199521	2|1	0	2|1	0.800479
chr10	47500000	47800000	bulk_0clone0_05clone1_05normal	1|1	0.500013	2|1	0.499987	2|1	0
chr10	47800000	47900000	bulk_08clone0_0clone1_02normal	1|1	0.199521	1|1	0	2|1	0.800479
chr10	47800000	47900000	bulk_0clone0_05clone1_05normal	1|1	0.500013	1|1	0.499987	2|1	0
chr10	47900000	48100000	bulk_08clone0_0clone1_02normal	1|1	0.199521	2|1	0	2|1	0.800479
chr10	47900000	48100000	bulk_0clone0_05clone1_05normal	1|1	0.500013	2|1	0.499987	2|1	0
chr10	48300000	48700000	bulk_08clone0_0clone1_02normal	1|1	0.199521	2|1	0	2|1	0.800479
chr10	48300000	48700000	bulk_0clone0_05clone1_05normal	1|1	0.500013	2|1	0.499987	2|1	0
chr10	48900000	49000000	bulk_08clone0_0clone1_02normal	1|1	0.199521	2|1	0	2|1	0.800479
chr10	48900000	49000000	bulk_0clone0_05clone1_05normal	1|1	0.500013	2|1	0.499987	2|1	0
chr10	49300000	51200000	bulk_08clone0_0clone1_02normal	1|1	0.199521	2|1	0	2|1	0.800479
chr10	49300000	51200000	bulk_0clone0_05clone1_05normal	1|1	0.500013	2|1	0.499987	2|1	0
chr10	51300000	93800000	bulk_08clone0_0clone1_02normal	1|1	0.199521	2|1	0	2|1	0.800479
chr10	51300000	93800000	bulk_0clone0_05clone1_05normal	1|1	0.500013	2|1	0.499987	2|1	0
chr10	93900000	97500000	bulk_08clone0_0clone1_02normal	1|1	0.199521	2|1	0	2|1	0.800479
chr10	93900000	97500000	bulk_0clone0_05clone1_05normal	1|1	0.500013	2|1	0.499987	2|1	0
chr10	97500000	97600000	bulk_08clone0_0clone1_02normal	1|1	0.199521	1|1	0	2|1	0.800479
chr10	97500000	97600000	bulk_0clone0_05clone1_05normal	1|1	0.500013	1|1	0.499987	2|1	0
chr10	97600000	102600000	bulk_08clone0_0clone1_02normal	1|1	0.199521	2|1	0	2|1	0.800479
chr10	97600000	102600000	bulk_0clone0_05clone1_05normal	1|1	0.500013	2|1	0.499987	2|1	0
chr10	102600000	102700000	bulk_08clone0_0clone1_02normal	1|1	0.199521	1|1	0	2|1	0.800479
chr10	102600000	102700000	bulk_0clone0_05clone1_05normal	1|1	0.500013	1|1	0.499987	2|1	0
chr10	102700000	105300000	bulk_08clone0_0clone1_02normal	1|1	0.199521	1|1	0	3|1	0.800479
chr10	102700000	105300000	bulk_0clone0_05clone1_05normal	1|1	0.500013	1|1	0.499987	3|1	0
chr10	105300000	117600000	bulk_08clone0_0clone1_02normal	1|1	0.199521	1|0	0	1|0	0.800479
chr10	105300000	117600000	bulk_0clone0_05clone1_05normal	1|1	0.500013	1|0	0.499987	1|0	0
chr10	117600000	125600000	bulk_08clone0_0clone1_02normal	1|1	0.199521	1|1	0	1|1	0.800479
chr10	117600000	125600000	bulk_0clone0_05clone1_05normal	1|1	0.500013	1|1	0.499987	1|1	0
chr10	125600000	125700000	bulk_08clone0_0clone1_02normal	1|1	0.199521	1|1	0	2|1	0.800479
chr10	125600000	125700000	bulk_0clone0_05clone1_05normal	1|1	0.500013	1|1	0.499987	2|1	0
chr10	125700000	135500000	bulk_08clone0_0clone1_02normal	1|1	0.199521	1|0	0	1|0	0.800479
chr10	125700000	135500000	bulk_0clone0_05clone1_05normal	1|1	0.500013	1|0	0.499987	1|0	0
chr11	100000	4300000	bulk_08clone0_0clone1_02normal	1|1	0.199521	2|2	0	2|2	0.800479
chr11	100000	4300000	bulk_0clone0_05clone1_05normal	1|1	0.500013	2|2	0.499987	2|2	0
chr11	4300000	14100000	bulk_08clone0_0clone1_02normal	1|1	0.199521	1|0	0	1|0	0.800479
chr11	4300000	14100000	bulk_0clone0_05clone1_05normal	1|1	0.500013	1|0	0.499987	1|0	0
chr11	14100000	14200000	bulk_08clone0_0clone1_02normal	1|1	0.199521	1|1	0	2|1	0.800479
chr11	14100000	14200000	bulk_0clone0_05clone1_05normal	1|1	0.500013	1|1	0.499987	2|1	0
chr11	14200000	14900000	bulk_08clone0_0clone1_02normal	1|1	0.199521	2|2	0	2|2	0.800479
chr11	14200000	14900000	bulk_0clone0_05clone1_05normal	1|1	0.500013	2|2	0.499987	2|2	0
chr11	14900000	15000000	bulk_08clone0_0clone1_02normal	1|1	0.199521	1|1	0	2|1	0.800479
chr11	14900000	15000000	bulk_0clone0_05clone1_05normal	1|1	0.500013	1|1	0.499987	2|1	0
chr11	15000000	24900000	bulk_08clone0_0clone1_02normal	1|1	0.199521	2|2	0	2|2	0.800479
chr11	15000000	24900000	bulk_0clone0_05clone1_05normal	1|1	0.500013	2|2	0.499987	2|2	0
chr11	24900000	25000000	bulk_08clone0_0clone1_02normal	1|1	0.199521	1|1	0	2|1	0.800479
chr11	24900000	25000000	bulk_0clone0_05clone1_05normal	1|1	0.500013	1|1	0.499987	2|1	0
chr11	25000000	27800000	bulk_08clone0_0clone1_02normal	1|1	0.199521	1|1	0	1|1	0.800479
chr11	25000000	27800000	bulk_0clone0_05clone1_05normal	1|1	0.500013	1|1	0.499987	1|1	0
chr11	27800000	33500000	bulk_08clone0_0clone1_02normal	1|1	0.199521	1|0	0	1|0	0.800479
chr11	27800000	33500000	bulk_0clone0_05clone1_05normal	1|1	0.500013	1|0	0.499987	1|0	0
chr11	33500000	36000000	bulk_08clone0_0clone1_02normal	1|1	0.199521	2|1	0	2|1	0.800479
chr11	33500000	36000000	bulk_0clone0_05clone1_05normal	1|1	0.500013	2|1	0.499987	2|1	0
chr11	36000000	36100000	bulk_08clone0_0clone1_02normal	1|1	0.199521	1|1	0	2|1	0.800479
chr11	36000000	36100000	bulk_0clone0_05clone1_05normal	1|1	0.500013	1|1	0.499987	2|1	0
chr11	36100000	45400000	bulk_08clone0_0clone1_02normal	1|1	0.199521	1|0	0	1|0	0.800479
chr11	36100000	45400000	bulk_0clone0_05clone1_05normal	1|1	0.500013	1|0	0.499987	1|0	0
chr11	45400000	45500000	bulk_08clone0_0clone1_02normal	1|1	0.199521	1|1	0	2|1	0.800479
chr11	45400000	45500000	bulk_0clone0_05clone1_05normal	1|1	0.500013	1|1	0.499987	2|1	0
chr11	45500000	49500000	bulk_08clone0_0clone1_02normal	1|1	0.199521	2|1	0	2|1	0.800479
chr11	45500000	49500000	bulk_0clone0_05clone1_05normal	1|1	0.500013	2|1	0.499987	2|1	0
chr11	49500000	49600000	bulk_08clone0_0clone1_02normal	1|1	0.199521	1|1	0	2|1	0.800479
chr11	49500000	49600000	bulk_0clone0_05clone1_05normal	1|1	0.500013	1|1	0.499987	2|1	0
chr11	49600000	50800000	bulk_08clone0_0clone1_02normal	1|1	0.199521	2|1	0	2|1	0.800479
chr11	49600000	50800000	bulk_0clone0_05clone1_05normal	1|1	0.500013	2|1	0.499987	2|1	0
chr11	51100000	51500000	bulk_08clone0_0clone1_02normal	1|1	0.199521	2|1	0	2|1	0.800479
chr11	51100000	51500000	bulk_0clone0_05clone1_05normal	1|1	0.500013	2|1	0.499987	2|1	0
chr11	55700000	77500000	bulk_08clone0_0clone1_02normal	1|1	0.199521	2|1	0	2|1	0.800479
chr11	55700000	77500000	bulk_0clone0_05clone1_05normal	1|1	0.500013	2|1	0.499987	2|1	0
chr11	77600000	93300000	bulk_08clone0_0clone1_02normal	1|1	0.199521	2|1	0	2|1	0.800479
chr11	77600000	93300000	bulk_0clone0_05clone1_05normal	1|1	0.500013	2|1	0.499987	2|1	0
chr11	93300000	93400000	bulk_08clone0_0clone1_02normal	1|1	0.199521	1|1	0	2|1	0.800479
chr11	93300000	93400000	bulk_0clone0_05clone1_05normal	1|1	0.500013	1|1	0.499987	2|1	0
chr11	93400000	96300000	bulk_08clone0_0clone1_02normal	1|1	0.199521	1|1	0	1|1	0.800479
chr11	93400000	96300000	bulk_0clone0_05clone1_05normal	1|1	0.500013	1|1	0.499987	1|1	0
chr11	96400000	121600000	bulk_08clone0_0clone1_02normal	1|1	0.199521	1|1	0	1|1	0.800479
chr11	96400000	121600000	bulk_0clone0_05clone1_05normal	1|1	0.500013	1|1	0.499987	1|1	0
chr11	121600000	122600000	bulk_08clone0_0clone1_02normal	1|1	0.199521	2|1	0	2|1	0.800479
chr11	121600000	122600000	bulk_0clone0_05clone1_05normal	1|1	0.500013	2|1	0.499987	2|1	0
chr11	122600000	122700000	bulk_08clone0_0clone1_02normal	1|1	0.199521	1|1	0	2|1	0.800479
chr11	122600000	122700000	bulk_0clone0_05clone1_05normal	1|1	0.500013	1|1	0.499987	2|1	0
chr11	122700000	126500000	bulk_08clone0_0clone1_02normal	1|1	0.199521	1|0	0	1|0	0.800479
chr11	122700000	126500000	bulk_0clone0_05clone1_05normal	1|1	0.500013	1|0	0.499987	1|0	0
chr11	126500000	135000000	bulk_08clone0_0clone1_02normal	1|1	0.199521	1|0	0	3|1	0.800479
chr11	126500000	135000000	bulk_0clone0_05clone1_05normal	1|1	0.500013	1|0	0.499987	3|1	0
chr12	100000	33200000	bulk_08clone0_0clone1_02normal	1|1	0.199521	3|1	0	2|0	0.800479
chr12	100000	33200000	bulk_0clone0_05clone1_05normal	1|1	0.500013	3|1	0.499987	2|0	0
chr12	38200000	66500000	bulk_08clone0_0clone1_02normal	1|1	0.199521	3|1	0	2|0	0.800479
chr12	38200000	66500000	bulk_0clone0_05clone1_05normal	1|1	0.500013	3|1	0.499987	2|0	0
chr12	66600000	111000000	bulk_08clone0_0clone1_02normal	1|1	0.199521	3|1	0	2|0	0.800479
chr12	66600000	111000000	bulk_0clone0_05clone1_05normal	1|1	0.500013	3|1	0.499987	2|0	0
chr12	111000000	111100000	bulk_08clone0_0clone1_02normal	1|1	0.199521	3|1	0	1|0	0.800479
chr12	111000000	111100000	bulk_0clone0_05clone1_05normal	1|1	0.500013	3|1	0.499987	1|0	0
chr12	111100000	112400000	bulk_08clone0_0clone1_02normal	1|1	0.199521	3|1	0	2|0	0.800479
chr12	111100000	112400000	bulk_0clone0_05clone1_05normal	1|1	0.500013	3|1	0.499987	2|0	0
chr12	112500000	132500000	bulk_08clone0_0clone1_02normal	1|1	0.199521	3|1	0	2|0	0.800479
chr12	112500000	132500000	bulk_0clone0_05clone1_05normal	1|1	0.500013	3|1	0.499987	2|0	0
chr12	132600000	132700000	bulk_08clone0_0clone1_02normal	1|1	0.199521	3|1	0	2|0	0.800479
chr12	132600000	132700000	bulk_0clone0_05clone1_05normal	1|1	0.500013	3|1	0.499987	2|0	0
chr12	132800000	133800000	bulk_08clone0_0clone1_02normal	1|1	0.199521	3|1	0	2|0	0.800479
chr12	132800000	133800000	bulk_0clone0_05clone1_05normal	1|1	0.500013	3|1	0.499987	2|0	0
chr13	19500000	86800000	bulk_08clone0_0clone1_02normal	1|1	0.199521	1|0	0	1|0	0.800479
chr13	19500000	86800000	bulk_0clone0_05clone1_05normal	1|1	0.500013	1|0	0.499987	1|0	0
chr13	86900000	112400000	bulk_08clone0_0clone1_02normal	1|1	0.199521	1|0	0	1|0	0.800479
chr13	86900000	112400000	bulk_0clone0_05clone1_05normal	1|1	0.500013	1|0	0.499987	1|0	0
chr13	112500000	115100000	bulk_08clone0_0clone1_02normal	1|1	0.199521	1|0	0	1|0	0.800479
chr13	112500000	115100000	bulk_0clone0_05clone1_05normal	1|1	0.500013	1|0	0.499987	1|0	0
chr14	19100000	61300000	bulk_08clone0_0clone1_02normal	1|1	0.199521	1|1	0	1|1	0.800479
chr14	19100000	61300000	bulk_0clone0_05clone1_05normal	1|1	0.500013	1|1	0.499987	1|1	0
chr14	61300000	61400000	bulk_08clone0_0clone1_02normal	1|1	0.199521	1|1	0	2|1	0.800479
chr14	61300000	61400000	bulk_0clone0_05clone1_05normal	1|1	0.500013	1|1	0.499987	2|1	0
chr14	61400000	71600000	bulk_08clone0_0clone1_02normal	1|1	0.199521	2|1	0	2|1	0.800479
chr14	61400000	71600000	bulk_0clone0_05clone1_05normal	1|1	0.500013	2|1	0.499987	2|1	0
chr14	71600000	71800000	bulk_08clone0_0clone1_02normal	1|1	0.199521	1|0	0	1|0	0.800479
chr14	71600000	71800000	bulk_0clone0_05clone1_05normal	1|1	0.500013	1|0	0.499987	1|0	0
chr14	71900000	99000000	bulk_08clone0_0clone1_02normal	1|1	0.199521	1|0	0	1|0	0.800479
chr14	71900000	99000000	bulk_0clone0_05clone1_05normal	1|1	0.500013	1|0	0.499987	1|0	0
chr14	99000000	107300000	bulk_08clone0_0clone1_02normal	1|1	0.199521	2|0	0	1|1	0.800479
chr14	99000000	107300000	bulk_0clone0_05clone1_05normal	1|1	0.500013	2|0	0.499987	1|1	0
chr15	20700000	20900000	bulk_08clone0_0clone1_02normal	1|1	0.199521	2|1	0	2|1	0.800479
chr15	20700000	20900000	bulk_0clone0_05clone1_05normal	1|1	0.500013	2|1	0.499987	2|1	0
chr15	21000000	21400000	bulk_08clone0_0clone1_02normal	1|1	0.199521	2|1	0	2|1	0.800479
chr15	21000000	21400000	bulk_0clone0_05clone1_05normal	1|1	0.500013	2|1	0.499987	2|1	0
chr15	21800000	21900000	bulk_08clone0_0clone1_02normal	1|1	0.199521	1|1	0	2|1	0.800479
chr15	21800000	21900000	bulk_0clone0_05clone1_05normal	1|1	0.500013	1|1	0.499987	2|1	0
chr15	21900000	22200000	bulk_08clone0_0clone1_02normal	1|1	0.199521	2|1	0	2|1	0.800479
chr15	21900000	22200000	bulk_0clone0_05clone1_05normal	1|1	0.500013	2|1	0.499987	2|1	0
chr15	22200000	22300000	bulk_08clone0_0clone1_02normal	1|1	0.199521	1|1	0	2|1	0.800479
chr15	22200000	22300000	bulk_0clone0_05clone1_05normal	1|1	0.500013	1|1	0.499987	2|1	0
chr15	22300000	23300000	bulk_08clone0_0clone1_02normal	1|1	0.199521	2|1	0	2|1	0.800479
chr15	22300000	23300000	bulk_0clone0_05clone1_05normal	1|1	0.500013	2|1	0.499987	2|1	0
chr15	23300000	23400000	bulk_08clone0_0clone1_02normal	1|1	0.199521	1|1	0	2|1	0.800479
chr15	23300000	23400000	bulk_0clone0_05clone1_05normal	1|1	0.500013	1|1	0.499987	2|1	0
chr15	23400000	31400000	bulk_08clone0_0clone1_02normal	1|1	0.199521	2|1	0	2|1	0.800479
chr15	23400000	31400000	bulk_0clone0_05clone1_05normal	1|1	0.500013	2|1	0.499987	2|1	0
chr15	31400000	39800000	bulk_08clone0_0clone1_02normal	1|1	0.199521	3|1	0	1|0	0.800479
chr15	31400000	39800000	bulk_0clone0_05clone1_05normal	1|1	0.500013	3|1	0.499987	1|0	0
chr15	39800000	46000000	bulk_08clone0_0clone1_02normal	1|1	0.199521	3|1	0	2|0	0.800479
chr15	39800000	46000000	bulk_0clone0_05clone1_05normal	1|1	0.500013	3|1	0.499987	2|0	0
chr15	46000000	47000000	bulk_08clone0_0clone1_02normal	1|1	0.199521	2|1	0	1|1	0.800479
chr15	46000000	47000000	bulk_0clone0_05clone1_05normal	1|1	0.500013	2|1	0.499987	1|1	0
chr15	47000000	47100000	bulk_08clone0_0clone1_02normal	1|1	0.199521	1|1	0	2|1	0.800479
chr15	47000000	47100000	bulk_0clone0_05clone1_05normal	1|1	0.500013	1|1	0.499987	2|1	0
chr15	47100000	60000000	bulk_08clone0_0clone1_02normal	1|1	0.199521	2|1	0	2|1	0.800479
chr15	47100000	60000000	bulk_0clone0_05clone1_05normal	1|1	0.500013	2|1	0.499987	2|1	0
chr15	60000000	83100000	bulk_08clone0_0clone1_02normal	1|1	0.199521	1|0	0	1|0	0.800479
chr15	60000000	83100000	bulk_0clone0_05clone1_05normal	1|1	0.500013	1|0	0.499987	1|0	0
chr15	83200000	92100000	bulk_08clone0_0clone1_02normal	1|1	0.199521	1|0	0	1|0	0.800479
chr15	83200000	92100000	bulk_0clone0_05clone1_05normal	1|1	0.500013	1|0	0.499987	1|0	0
chr15	92100000	95600000	bulk_08clone0_0clone1_02normal	1|1	0.199521	3|1	0	1|0	0.800479
chr15	92100000	95600000	bulk_0clone0_05clone1_05normal	1|1	0.500013	3|1	0.499987	1|0	0
chr15	95600000	102500000	bulk_08clone0_0clone1_02normal	1|1	0.199521	2|1	0	3|1	0.800479
chr15	95600000	102500000	bulk_0clone0_05clone1_05normal	1|1	0.500013	2|1	0.499987	3|1	0
chr16	1	30200000	bulk_08clone0_0clone1_02normal	1|1	0.199521	1|0	0	1|1	0.800479
chr16	1	30200000	bulk_0clone0_05clone1_05normal	1|1	0.500013	1|0	0.499987	1|1	0
chr16	30300000	32700000	bulk_08clone0_0clone1_02normal	1|1	0.199521	1|0	0	1|1	0.800479
chr16	30300000	32700000	bulk_0clone0_05clone1_05normal	1|1	0.500013	1|0	0.499987	1|1	0
chr16	32800000	33000000	bulk_08clone0_0clone1_02normal	1|1	0.199521	1|0	0	1|1	0.800479
chr16	32800000	33000000	bulk_0clone0_05clone1_05normal	1|1	0.500013	1|0	0.499987	1|1	0
chr16	33300000	34500000	bulk_08clone0_0clone1_02normal	1|1	0.199521	1|0	0	1|1	0.800479
chr16	33300000	34500000	bulk_0clone0_05clone1_05normal	1|1	0.500013	1|0	0.499987	1|1	0
chr16	46300000	55500000	bulk_08clone0_0clone1_02normal	1|1	0.199521	1|0	0	1|1	0.800479
chr16	46300000	55500000	bulk_0clone0_05clone1_05normal	1|1	0.500013	1|0	0.499987	1|1	0
chr16	55500000	71000000	bulk_08clone0_0clone1_02normal	1|1	0.199521	1|0	0	1|0	0.800479
chr16	55500000	71000000	bulk_0clone0_05clone1_05normal	1|1	0.500013	1|0	0.499987	1|0	0
chr16	71100000	83800000	bulk_08clone0_0clone1_02normal	1|1	0.199521	1|0	0	1|0	0.800479
chr16	71100000	83800000	bulk_0clone0_05clone1_05normal	1|1	0.500013	1|0	0.499987	1|0	0
chr16	83800000	90300000	bulk_08clone0_0clone1_02normal	1|1	0.199521	2|2	0	2|2	0.800479
chr16	83800000	90300000	bulk_0clone0_05clone1_05normal	1|1	0.500013	2|2	0.499987	2|2	0
chr17	1	300000	bulk_08clone0_0clone1_02normal	1|1	0.199521	2|1	0	2|1	0.800479
chr17	1	300000	bulk_0clone0_05clone1_05normal	1|1	0.500013	2|1	0.499987	2|1	0
chr17	400000	18400000	bulk_08clone0_0clone1_02normal	1|1	0.199521	2|1	0	2|1	0.800479
chr17	400000	18400000	bulk_0clone0_05clone1_05normal	1|1	0.500013	2|1	0.499987	2|1	0
chr17	18500000	21600000	bulk_08clone0_0clone1_02normal	1|1	0.199521	2|1	0	2|1	0.800479
chr17	18500000	21600000	bulk_0clone0_05clone1_05normal	1|1	0.500013	2|1	0.499987	2|1	0
chr17	21600000	21700000	bulk_08clone0_0clone1_02normal	1|1	0.199521	1|1	0	2|1	0.800479
chr17	21600000	21700000	bulk_0clone0_05clone1_05normal	1|1	0.500013	1|1	0.499987	2|1	0
chr17	21700000	22100000	bulk_08clone0_0clone1_02normal	1|1	0.199521	2|1	0	2|1	0.800479
chr17	21700000	22100000	bulk_0clone0_05clone1_05normal	1|1	0.500013	2|1	0.499987	2|1	0
chr17	25800000	44400000	bulk_08clone0_0clone1_02normal	1|1	0.199521	2|1	0	2|1	0.800479
chr17	25800000	44400000	bulk_0clone0_05clone1_05normal	1|1	0.500013	2|1	0.499987	2|1	0
chr17	44500000	44600000	bulk_08clone0_0clone1_02normal	1|1	0.199521	2|1	0	2|1	0.800479
chr17	44500000	44600000	bulk_0clone0_05clone1_05normal	1|1	0.500013	2|1	0.499987	2|1	0
chr17	44700000	45600000	bulk_08clone0_0clone1_02normal	1|1	0.199521	2|1	0	2|1	0.800479
chr17	44700000	45600000	bulk_0clone0_05clone1_05normal	1|1	0.500013	2|1	0.499987	2|1	0
chr17	45700000	46700000	bulk_08clone0_0clone1_02normal	1|1	0.199521	2|1	0	2|1	0.800479
chr17	45700000	46700000	bulk_0clone0_05clone1_05normal	1|1	0.500013	2|1	0.499987	2|1	0
chr17	46700000	75700000	bulk_08clone0_0clone1_02normal	1|1	0.199521	3|1	0	3|1	0.800479
chr17	46700000	75700000	bulk_0clone0_05clone1_05normal	1|1	0.500013	3|1	0.499987	3|1	0
chr17	75700000	75800000	bulk_08clone0_0clone1_02normal	1|1	0.199521	1|1	0	2|1	0.800479
chr17	75700000	75800000	bulk_0clone0_05clone1_05normal	1|1	0.500013	1|1	0.499987	2|1	0
chr17	75800000	78900000	bulk_08clone0_0clone1_02normal	1|1	0.199521	2|1	0	2|1	0.800479
chr17	75800000	78900000	bulk_0clone0_05clone1_05normal	1|1	0.500013	2|1	0.499987	2|1	0
chr17	78900000	79000000	bulk_08clone0_0clone1_02normal	1|1	0.199521	1|1	0	1|0	0.800479
chr17	78900000	79000000	bulk_0clone0_05clone1_05normal	1|1	0.500013	1|1	0.499987	1|0	0
chr17	79000000	81100000	bulk_08clone0_0clone1_02normal	1|1	0.199521	2|2	0	1|1	0.800479
chr17	79000000	81100000	bulk_0clone0_05clone1_05normal	1|1	0.500013	2|2	0.499987	1|1	0
chr18	1	15300000	bulk_08clone0_0clone1_02normal	1|1	0.199521	1|1	0	2|2	0.800479
chr18	1	15300000	bulk_0clone0_05clone1_05normal	1|1	0.500013	1|1	0.499987	2|2	0
chr18	19000000	49400000	bulk_08clone0_0clone1_02normal	1|1	0.199521	1|1	0	2|2	0.800479
chr18	19000000	49400000	bulk_0clone0_05clone1_05normal	1|1	0.500013	1|1	0.499987	2|2	0
chr18	49400000	49500000	bulk_08clone0_0clone1_02normal	1|1	0.199521	1|0	0	2|1	0.800479
chr18	49400000	49500000	bulk_0clone0_05clone1_05normal	1|1	0.500013	1|0	0.499987	2|1	0
chr18	49500000	52100000	bulk_08clone0_0clone1_02normal	1|1	0.199521	1|0	0	1|0	0.800479
chr18	49500000	52100000	bulk_0clone0_05clone1_05normal	1|1	0.500013	1|0	0.499987	1|0	0
chr18	52200000	78000000	bulk_08clone0_0clone1_02normal	1|1	0.199521	1|0	0	1|0	0.800479
chr18	52200000	78000000	bulk_0clone0_05clone1_05normal	1|1	0.500013	1|0	0.499987	1|0	0
chr19	200000	20500000	bulk_08clone0_0clone1_02normal	1|1	0.199521	1|0	0	1|0	0.800479
chr19	200000	20500000	bulk_0clone0_05clone1_05normal	1|1	0.500013	1|0	0.499987	1|0	0
chr19	20600000	24300000	bulk_08clone0_0clone1_02normal	1|1	0.199521	1|0	0	1|0	0.800479
chr19	20600000	24300000	bulk_0clone0_05clone1_05normal	1|1	0.500013	1|0	0.499987	1|0	0
chr19	28600000	47500000	bulk_08clone0_0clone1_02normal	1|1	0.199521	1|0	0	1|0	0.800479
chr19	28600000	47500000	bulk_0clone0_05clone1_05normal	1|1	0.500013	1|0	0.499987	1|0	0
chr19	47500000	47600000	bulk_08clone0_0clone1_02normal	1|1	0.199521	1|1	0	2|1	0.800479
chr19	47500000	47600000	bulk_0clone0_05clone1_05normal	1|1	0.500013	1|1	0.499987	2|1	0
chr19	47600000	59100000	bulk_08clone0_0clone1_02normal	1|1	0.199521	1|1	0	1|1	0.800479
chr19	47600000	59100000	bulk_0clone0_05clone1_05normal	1|1	0.500013	1|1	0.499987	1|1	0
chr2	1	27900000	bulk_08clone0_0clone1_02normal	1|1	0.199521	1|1	0	1|1	0.800479
chr2	1	27900000	bulk_0clone0_05clone1_05normal	1|1	0.500013	1|1	0.499987	1|1	0
chr2	27900000	28000000	bulk_08clone0_0clone1_02normal	1|1	0.199521	1|1	0	2|1	0.800479
chr2	27900000	28000000	bulk_0clone0_05clone1_05normal	1|1	0.500013	1|1	0.499987	2|1	0
chr2	28000000	89000000	bulk_08clone0_0clone1_02normal	1|1	0.199521	1|1	0	1|1	0.800479
chr2	28000000	89000000	bulk_0clone0_05clone1_05normal	1|1	0.500013	1|1	0.499987	1|1	0
chr2	89000000	89100000	bulk_08clone0_0clone1_02normal	1|1	0.199521	1|1	0	2|1	0.800479
chr2	89000000	89100000	bulk_0clone0_05clone1_05normal	1|1	0.500013	1|1	0.499987	2|1	0
chr2	89100000	89600000	bulk_08clone0_0clone1_02normal	1|1	0.199521	1|1	0	1|1	0.800479
chr2	89100000	89600000	bulk_0clone0_05clone1_05normal	1|1	0.500013	1|1	0.499987	1|1	0
chr2	89800000	90400000	bulk_08clone0_0clone1_02normal	1|1	0.199521	1|1	0	1|1	0.800479
chr2	89800000	90400000	bulk_0clone0_05clone1_05normal	1|1	0.500013	1|1	0.499987	1|1	0
chr2	96800000	98000000	bulk_08clone0_0clone1_02normal	1|1	0.199521	3|1	0	3|1	0.800479
chr2	96800000	98000000	bulk_0clone0_05clone1_05normal	1|1	0.500013	3|1	0.499987	3|1	0
chr2	98100000	110600000	bulk_08clone0_0clone1_02normal	1|1	0.199521	3|1	0	3|1	0.800479
chr2	98100000	110600000	bulk_0clone0_05clone1_05normal	1|1	0.500013	3|1	0.499987	3|1	0
chr2	110800000	111000000	bulk_08clone0_0clone1_02normal	1|1	0.199521	3|1	0	3|1	0.800479
chr2	110800000	111000000	bulk_0clone0_05clone1_05normal	1|1	0.500013	3|1	0.499987	3|1	0
chr2	111400000	134000000	bulk_08clone0_0clone1_02normal	1|1	0.199521	3|1	0	3|1	0.800479
chr2	111400000	134000000	bulk_0clone0_05clone1_05normal	1|1	0.500013	3|1	0.499987	3|1	0
chr2	134000000	134900000	bulk_08clone0_0clone1_02normal	1|1	0.199521	2|0	0	2|1	0.800479
chr2	134000000	134900000	bulk_0clone0_05clone1_05normal	1|1	0.500013	2|0	0.499987	2|1	0
chr2	134900000	135000000	bulk_08clone0_0clone1_02normal	1|1	0.199521	1|0	0	2|1	0.800479
chr2	134900000	135000000	bulk_0clone0_05clone1_05normal	1|1	0.500013	1|0	0.499987	2|1	0
chr2	135000000	145300000	bulk_08clone0_0clone1_02normal	1|1	0.199521	2|1	0	2|1	0.800479
chr2	135000000	145300000	bulk_0clone0_05clone1_05normal	1|1	0.500013	2|1	0.499987	2|1	0
chr2	145300000	145400000	bulk_08clone0_0clone1_02normal	1|1	0.199521	1|1	0	2|1	0.800479
chr2	145300000	145400000	bulk_0clone0_05clone1_05normal	1|1	0.500013	1|1	0.499987	2|1	0
chr2	145400000	145500000	bulk_08clone0_0clone1_02normal	1|1	0.199521	2|1	0	2|1	0.800479
chr2	145400000	145500000	bulk_0clone0_05clone1_05normal	1|1	0.500013	2|1	0.499987	2|1	0
chr2	145500000	145600000	bulk_08clone0_0clone1_02normal	1|1	0.199521	1|1	0	2|1	0.800479
chr2	145500000	145600000	bulk_0clone0_05clone1_05normal	1|1	0.500013	1|1	0.499987	2|1	0
chr2	145600000	145900000	bulk_08clone0_0clone1_02normal	1|1	0.199521	2|1	0	2|1	0.800479
chr2	145600000	145900000	bulk_0clone0_05clone1_05normal	1|1	0.500013	2|1	0.499987	2|1	0
chr2	146000000	149700000	bulk_08clone0_0clone1_02normal	1|1	0.199521	2|1	0	2|1	0.800479
chr2	146000000	149700000	bulk_0clone0_05clone1_05normal	1|1	0.500013	2|1	0.499987	2|1	0
chr2	149800000	150200000	bulk_08clone0_0clone1_02normal	1|1	0.199521	2|2	0	2|2	0.800479
chr2	149800000	150200000	bulk_0clone0_05clone1_05normal	1|1	0.500013	2|2	0.499987	2|2	0
chr2	150300000	163700000	bulk_08clone0_0clone1_02normal	1|1	0.199521	2|2	0	2|2	0.800479
chr2	150300000	163700000	bulk_0clone0_05clone1_05normal	1|1	0.500013	2|2	0.499987	2|2	0
chr2	163700000	163800000	bulk_08clone0_0clone1_02normal	1|1	0.199521	1|1	0	2|1	0.800479
chr2	163700000	163800000	bulk_0clone0_05clone1_05normal	1|1	0.500013	1|1	0.499987	2|1	0
chr2	163800000	173700000	bulk_08clone0_0clone1_02normal	1|1	0.199521	1|1	0	1|1	0.800479
chr2	163800000	173700000	bulk_0clone0_05clone1_05normal	1|1	0.500013	1|1	0.499987	1|1	0
chr2	173800000	179400000	bulk_08clone0_0clone1_02normal	1|1	0.199521	1|1	0	1|1	0.800479
chr2	173800000	179400000	bulk_0clone0_05clone1_05normal	1|1	0.500013	1|1	0.499987	1|1	0
chr2	179400000	179500000	bulk_08clone0_0clone1_02normal	1|1	0.199521	1|1	0	2|1	0.800479
chr2	179400000	179500000	bulk_0clone0_05clone1_05normal	1|1	0.500013	1|1	0.499987	2|1	0
chr2	179500000	186600000	bulk_08clone0_0clone1_02normal	1|1	0.199521	1|1	0	1|1	0.800479
chr2	179500000	186600000	bulk_0clone0_05clone1_05normal	1|1	0.500013	1|1	0.499987	1|1	0
chr2	186600000	186700000	bulk_08clone0_0clone1_02normal	1|1	0.199521	1|1	0	2|1	0.800479
chr2	186600000	186700000	bulk_0clone0_05clone1_05normal	1|1	0.500013	1|1	0.499987	2|1	0
chr2	186700000	197500000	bulk_08clone0_0clone1_02normal	1|1	0.199521	1|1	0	1|1	0.800479
chr2	186700000	197500000	bulk_0clone0_05clone1_05normal	1|1	0.500013	1|1	0.499987	1|1	0
chr2	197600000	201000000	bulk_08clone0_0clone1_02normal	1|1	0.199521	1|1	0	1|1	0.800479
chr2	197600000	201000000	bulk_0clone0_05clone1_05normal	1|1	0.500013	1|1	0.499987	1|1	0
chr2	201000000	201100000	bulk_08clone0_0clone1_02normal	1|1	0.199521	1|1	0	2|1	0.800479
chr2	201000000	201100000	bulk_0clone0_05clone1_05normal	1|1	0.500013	1|1	0.499987	2|1	0
chr2	201100000	208000000	bulk_08clone0_0clone1_02normal	1|1	0.199521	2|2	0	3|1	0.800479
chr2	201100000	208000000	bulk_0clone0_05clone1_05normal	1|1	0.500013	2|2	0.499987	3|1	0
chr2	208100000	242200000	bulk_08clone0_0clone1_02normal	1|1	0.199521	2|2	0	3|1	0.800479
chr2	208100000	242200000	bulk_0clone0_05clone1_05normal	1|1	0.500013	2|2	0.499987	3|1	0
chr20	1	25500000	bulk_08clone0_0clone1_02normal	1|1	0.199521	1|1	0	1|1	0.800479
chr20	1	25500000	bulk_0clone0_05clone1_05normal	1|1	0.500013	1|1	0.499987	1|1	0
chr20	29400000	29700000	bulk_08clone0_0clone1_02normal	1|1	0.199521	1|1	0	1|1	0.800479
chr20	29400000	29700000	bulk_0clone0_05clone1_05normal	1|1	0.500013	1|1	0.499987	1|1	0
chr20	29800000	30600000	bulk_08clone0_0clone1_02normal	1|1	0.199521	1|1	0	1|1	0.800479
chr20	29800000	30600000	bulk_0clone0_05clone1_05normal	1|1	0.500013	1|1	0.499987	1|1	0
chr20	30600000	30700000	bulk_08clone0_0clone1_02normal	1|1	0.199521	1|1	0	2|1	0.800479
chr20	30600000	30700000	bulk_0clone0_05clone1_05normal	1|1	0.500013	1|1	0.499987	2|1	0
chr20	30700000	63000000	bulk_08clone0_0clone1_02normal	1|1	0.199521	1|1	0	1|1	0.800479
chr20	30700000	63000000	bulk_0clone0_05clone1_05normal	1|1	0.500013	1|1	0.499987	1|1	0
chr21	9400000	10100000	bulk_08clone0_0clone1_02normal	1|1	0.199521	2|1	0	2|1	0.800479
chr21	9400000	10100000	bulk_0clone0_05clone1_05normal	1|1	0.500013	2|1	0.499987	2|1	0
chr21	10400000	10800000	bulk_08clone0_0clone1_02normal	1|1	0.199521	2|1	0	2|1	0.800479
chr21	10400000	10800000	bulk_0clone0_05clone1_05normal	1|1	0.500013	2|1	0.499987	2|1	0
chr21	14300000	15000000	bulk_08clone0_0clone1_02normal	1|1	0.199521	2|1	0	2|1	0.800479
chr21	14300000	15000000	bulk_0clone0_05clone1_05normal	1|1	0.500013	2|1	0.499987	2|1	0
chr21	15100000	38800000	bulk_08clone0_0clone1_02normal	1|1	0.199521	2|1	0	2|1	0.800479
chr21	15100000	38800000	bulk_0clone0_05clone1_05normal	1|1	0.500013	2|1	0.499987	2|1	0
chr21	38800000	38900000	bulk_08clone0_0clone1_02normal	1|1	0.199521	1|1	0	2|1	0.800479
chr21	38800000	38900000	bulk_0clone0_05clone1_05normal	1|1	0.500013	1|1	0.499987	2|1	0
chr21	38900000	48100000	bulk_08clone0_0clone1_02normal	1|1	0.199521	2|1	0	2|1	0.800479
chr21	38900000	48100000	bulk_0clone0_05clone1_05normal	1|1	0.500013	2|1	0.499987	2|1	0
chr22	17900000	20500000	bulk_08clone0_0clone1_02normal	1|1	0.199521	1|0	0	1|0	0.800479
chr22	17900000	20500000	bulk_0clone0_05clone1_05normal	1|1	0.500013	1|0	0.499987	1|0	0
chr22	20600000	51300000	bulk_08clone0_0clone1_02normal	1|1	0.199521	1|0	0	1|0	0.800479
chr22	20600000	51300000	bulk_0clone0_05clone1_05normal	1|1	0.500013	1|0	0.499987	1|0	0
chr3	1	13000000	bulk_08clone0_0clone1_02normal	1|1	0.199521	2|1	0	1|1	0.800479
chr3	1	13000000	bulk_0clone0_05clone1_05normal	1|1	0.500013	2|1	0.499987	1|1	0
chr3	13000000	20900000	bulk_08clone0_0clone1_02normal	1|1	0.199521	2|2	0	1|1	0.800479
chr3	13000000	20900000	bulk_0clone0_05clone1_05normal	1|1	0.500013	2|2	0.499987	1|1	0
chr3	20900000	35700000	bulk_08clone0_0clone1_02normal	1|1	0.199521	1|1	0	1|1	0.800479
chr3	20900000	35700000	bulk_0clone0_05clone1_05normal	1|1	0.500013	1|1	0.499987	1|1	0
chr3	35700000	35800000	bulk_08clone0_0clone1_02normal	1|1	0.199521	1|1	0	2|1	0.800479
chr3	35700000	35800000	bulk_0clone0_05clone1_05normal	1|1	0.500013	1|1	0.499987	2|1	0
chr3	35800000	49500000	bulk_08clone0_0clone1_02normal	1|1	0.199521	1|1	0	1|1	0.800479
chr3	35800000	49500000	bulk_0clone0_05clone1_05normal	1|1	0.500013	1|1	0.499987	1|1	0
chr3	49500000	49600000	bulk_08clone0_0clone1_02normal	1|1	0.199521	1|1	0	2|1	0.800479
chr3	49500000	49600000	bulk_0clone0_05clone1_05normal	1|1	0.500013	1|1	0.499987	2|1	0
chr3	49600000	54700000	bulk_08clone0_0clone1_02normal	1|1	0.199521	1|1	0	1|1	0.800479
chr3	49600000	54700000	bulk_0clone0_05clone1_05normal	1|1	0.500013	1|1	0.499987	1|1	0
chr3	54700000	54800000	bulk_08clone0_0clone1_02normal	1|1	0.199521	1|1	0	2|1	0.800479
chr3	54700000	54800000	bulk_0clone0_05clone1_05normal	1|1	0.500013	1|1	0.499987	2|1	0
chr3	54800000	87800000	bulk_08clone0_0clone1_02normal	1|1	0.199521	1|0	0	3|1	0.800479
chr3	54800000	87800000	bulk_0clone0_05clone1_05normal	1|1	0.500013	1|0	0.499987	3|1	0
chr3	93900000	113900000	bulk_08clone0_0clone1_02normal	1|1	0.199521	1|0	0	3|1	0.800479
chr3	93900000	113900000	bulk_0clone0_05clone1_05normal	1|1	0.500013	1|0	0.499987	3|1	0
chr3	113900000	138700000	bulk_08clone0_0clone1_02normal	1|1	0.199521	1|0	0	1|0	0.800479
chr3	113900000	138700000	bulk_0clone0_05clone1_05normal	1|1	0.500013	1|0	0.499987	1|0	0
chr3	138700000	139400000	bulk_08clone0_0clone1_02normal	1|1	0.199521	2|1	0	2|1	0.800479
chr3	138700000	139400000	bulk_0clone0_05clone1_05normal	1|1	0.500013	2|1	0.499987	2|1	0
chr3	139400000	139500000	bulk_08clone0_0clone1_02normal	1|1	0.199521	1|1	0	2|1	0.800479
chr3	139400000	139500000	bulk_0clone0_05clone1_05normal	1|1	0.500013	1|1	0.499987	2|1	0
chr3	139500000	140800000	bulk_08clone0_0clone1_02normal	1|1	0.199521	1|1	0	1|1	0.800479
chr3	139500000	140800000	bulk_0clone0_05clone1_05normal	1|1	0.500013	1|1	0.499987	1|1	0
chr3	140800000	140900000	bulk_08clone0_0clone1_02normal	1|1	0.199521	1|1	0	2|1	0.800479
chr3	140800000	140900000	bulk_0clone0_05clone1_05normal	1|1	0.500013	1|1	0.499987	2|1	0
chr3	140900000	169000000	bulk_08clone0_0clone1_02normal	1|1	0.199521	1|1	0	1|1	0.800479
chr3	140900000	169000000	bulk_0clone0_05clone1_05normal	1|1	0.500013	1|1	0.499987	1|1	0
chr3	169000000	169100000	bulk_08clone0_0clone1_02normal	1|1	0.199521	1|1	0	2|1	0.800479
chr3	169000000	169100000	bulk_0clone0_05clone1_05normal	1|1	0.500013	1|1	0.499987	2|1	0
chr3	169100000	190800000	bulk_08clone0_0clone1_02normal	1|1	0.199521	1|1	0	1|1	0.800479
chr3	169100000	190800000	bulk_0clone0_05clone1_05normal	1|1	0.500013	1|1	0.499987	1|1	0
chr3	190800000	190900000	bulk_08clone0_0clone1_02normal	1|1	0.199521	1|1	0	2|1	0.800479
chr3	190800000	190900000	bulk_0clone0_05clone1_05normal	1|1	0.500013	1|1	0.499987	2|1	0
chr3	190900000	197900000	bulk_08clone0_0clone1_02normal	1|1	0.199521	1|0	0	3|1	0.800479
chr3	190900000	197900000	bulk_0clone0_05clone1_05normal	1|1	0.500013	1|0	0.499987	3|1	0
chr4	1	48100000	bulk_08clone0_0clone1_02normal	1|1	0.199521	2|1	0	2|1	0.800479
chr4	1	48100000	bulk_0clone0_05clone1_05normal	1|1	0.500013	2|1	0.499987	2|1	0
chr4	52700000	61200000	bulk_08clone0_0clone1_02normal	1|1	0.199521	2|1	0	2|1	0.800479
chr4	52700000	61200000	bulk_0clone0_05clone1_05normal	1|1	0.500013	2|1	0.499987	2|1	0
chr4	61200000	61300000	bulk_08clone0_0clone1_02normal	1|1	0.199521	1|1	0	2|1	0.800479
chr4	61200000	61300000	bulk_0clone0_05clone1_05normal	1|1	0.500013	1|1	0.499987	2|1	0
chr4	61300000	62200000	bulk_08clone0_0clone1_02normal	1|1	0.199521	1|1	0	1|1	0.800479
chr4	61300000	62200000	bulk_0clone0_05clone1_05normal	1|1	0.500013	1|1	0.499987	1|1	0
chr4	62200000	69200000	bulk_08clone0_0clone1_02normal	1|1	0.199521	2|0	0	2|0	0.800479
chr4	62200000	69200000	bulk_0clone0_05clone1_05normal	1|1	0.500013	2|0	0.499987	2|0	0
chr4	69300000	69700000	bulk_08clone0_0clone1_02normal	1|1	0.199521	2|0	0	2|0	0.800479
chr4	69300000	69700000	bulk_0clone0_05clone1_05normal	1|1	0.500013	2|0	0.499987	2|0	0
chr4	69800000	106600000	bulk_08clone0_0clone1_02normal	1|1	0.199521	2|0	0	2|0	0.800479
chr4	69800000	106600000	bulk_0clone0_05clone1_05normal	1|1	0.500013	2|0	0.499987	2|0	0
chr4	106700000	137200000	bulk_08clone0_0clone1_02normal	1|1	0.199521	2|0	0	2|0	0.800479
chr4	106700000	137200000	bulk_0clone0_05clone1_05normal	1|1	0.500013	2|0	0.499987	2|0	0
chr4	137200000	137300000	bulk_08clone0_0clone1_02normal	1|1	0.199521	1|0	0	1|0	0.800479
chr4	137200000	137300000	bulk_0clone0_05clone1_05normal	1|1	0.500013	1|0	0.499987	1|0	0
chr4	137300000	148700000	bulk_08clone0_0clone1_02normal	1|1	0.199521	2|0	0	2|0	0.800479
chr4	137300000	148700000	bulk_0clone0_05clone1_05normal	1|1	0.500013	2|0	0.499987	2|0	0
chr4	148700000	148800000	bulk_08clone0_0clone1_02normal	1|1	0.199521	1|0	0	1|0	0.800479
chr4	148700000	148800000	bulk_0clone0_05clone1_05normal	1|1	0.500013	1|0	0.499987	1|0	0
chr4	148800000	176500000	bulk_08clone0_0clone1_02normal	1|1	0.199521	2|0	0	2|0	0.800479
chr4	148800000	176500000	bulk_0clone0_05clone1_05normal	1|1	0.500013	2|0	0.499987	2|0	0
chr4	176500000	191100000	bulk_08clone0_0clone1_02normal	1|1	0.199521	2|1	0	2|0	0.800479
chr4	176500000	191100000	bulk_0clone0_05clone1_05normal	1|1	0.500013	2|1	0.499987	2|0	0
chr5	1	27700000	bulk_08clone0_0clone1_02normal	1|1	0.199521	1|0	0	1|0	0.800479
chr5	1	27700000	bulk_0clone0_05clone1_05normal	1|1	0.500013	1|0	0.499987	1|0	0
chr5	27700000	27800000	bulk_08clone0_0clone1_02normal	1|1	0.199521	1|1	0	2|1	0.800479
chr5	27700000	27800000	bulk_0clone0_05clone1_05normal	1|1	0.500013	1|1	0.499987	2|1	0
chr5	27800000	30000000	bulk_08clone0_0clone1_02normal	1|1	0.199521	1|1	0	1|1	0.800479
chr5	27800000	30000000	bulk_0clone0_05clone1_05normal	1|1	0.500013	1|1	0.499987	1|1	0
chr5	30000000	30100000	bulk_08clone0_0clone1_02normal	1|1	0.199521	1|1	0	2|1	0.800479
chr5	30000000	30100000	bulk_0clone0_05clone1_05normal	1|1	0.500013	1|1	0.499987	2|1	0
chr5	30100000	46000000	bulk_08clone0_0clone1_02normal	1|1	0.199521	2|1	0	2|1	0.800479
chr5	30100000	46000000	bulk_0clone0_05clone1_05normal	1|1	0.500013	2|1	0.499987	2|1	0
chr5	50700000	68900000	bulk_08clone0_0clone1_02normal	1|1	0.199521	3|1	0	3|1	0.800479
chr5	50700000	68900000	bulk_0clone0_05clone1_05normal	1|1	0.500013	3|1	0.499987	3|1	0
chr5	69700000	69900000	bulk_08clone0_0clone1_02normal	1|1	0.199521	3|1	0	3|1	0.800479
chr5	69700000	69900000	bulk_0clone0_05clone1_05normal	1|1	0.500013	3|1	0.499987	3|1	0
chr5	70100000	70300000	bulk_08clone0_0clone1_02normal	1|1	0.199521	3|1	0	3|1	0.800479
chr5	70100000	70300000	bulk_0clone0_05clone1_05normal	1|1	0.500013	3|1	0.499987	3|1	0
chr5	70600000	71600000	bulk_08clone0_0clone1_02normal	1|1	0.199521	3|1	0	3|1	0.800479
chr5	70600000	71600000	bulk_0clone0_05clone1_05normal	1|1	0.500013	3|1	0.499987	3|1	0
chr5	71700000	90900000	bulk_08clone0_0clone1_02normal	1|1	0.199521	3|1	0	3|1	0.800479
chr5	71700000	90900000	bulk_0clone0_05clone1_05normal	1|1	0.500013	3|1	0.499987	3|1	0
chr5	91000000	93100000	bulk_08clone0_0clone1_02normal	1|1	0.199521	3|1	0	3|1	0.800479
chr5	91000000	93100000	bulk_0clone0_05clone1_05normal	1|1	0.500013	3|1	0.499987	3|1	0
chr5	93100000	93200000	bulk_08clone0_0clone1_02normal	1|1	0.199521	2|2	0	3|1	0.800479
chr5	93100000	93200000	bulk_0clone0_05clone1_05normal	1|1	0.500013	2|2	0.499987	3|1	0
chr5	93200000	114800000	bulk_08clone0_0clone1_02normal	1|1	0.199521	3|1	0	3|1	0.800479
chr5	93200000	114800000	bulk_0clone0_05clone1_05normal	1|1	0.500013	3|1	0.499987	3|1	0
chr5	114800000	114900000	bulk_08clone0_0clone1_02normal	1|1	0.199521	1|1	0	2|1	0.800479
chr5	114800000	114900000	bulk_0clone0_05clone1_05normal	1|1	0.500013	1|1	0.499987	2|1	0
chr5	114900000	136600000	bulk_08clone0_0clone1_02normal	1|1	0.199521	1|1	0	1|1	0.800479
chr5	114900000	136600000	bulk_0clone0_05clone1_05normal	1|1	0.500013	1|1	0.499987	1|1	0
chr5	136700000	137900000	bulk_08clone0_0clone1_02normal	1|1	0.199521	1|1	0	1|1	0.800479
chr5	136700000	137900000	bulk_0clone0_05clone1_05normal	1|1	0.500013	1|1	0.499987	1|1	0
chr5	138000000	180800000	bulk_08clone0_0clone1_02normal	1|1	0.199521	1|1	0	1|1	0.800479
chr5	138000000	180800000	bulk_0clone0_05clone1_05normal	1|1	0.500013	1|1	0.499987	1|1	0
chr6	1	28700000	bulk_08clone0_0clone1_02normal	1|1	0.199521	1|1	0	1|1	0.800479
chr6	1	28700000	bulk_0clone0_05clone1_05normal	1|1	0.500013	1|1	0.499987	1|1	0
chr6	29200000	29400000	bulk_08clone0_0clone1_02normal	1|1	0.199521	1|1	0	1|1	0.800479
chr6	29200000	29400000	bulk_0clone0_05clone1_05normal	1|1	0.500013	1|1	0.499987	1|1	0
chr6	29600000	30000000	bulk_08clone0_0clone1_02normal	1|1	0.199521	1|1	0	1|1	0.800479
chr6	29600000	30000000	bulk_0clone0_05clone1_05normal	1|1	0.500013	1|1	0.499987	1|1	0
chr6	30400000	30500000	bulk_08clone0_0clone1_02normal	1|1	0.199521	1|1	0	1|1	0.800479
chr6	30400000	30500000	bulk_0clone0_05clone1_05normal	1|1	0.500013	1|1	0.499987	1|1	0
chr6	30900000	31500000	bulk_08clone0_0clone1_02normal	1|1	0.199521	1|1	0	1|1	0.800479
chr6	30900000	31500000	bulk_0clone0_05clone1_05normal	1|1	0.500013	1|1	0.499987	1|1	0
chr6	32000000	32100000	bulk_08clone0_0clone1_02normal	1|1	0.199521	1|1	0	2|1	0.800479
chr6	32000000	32100000	bulk_0clone0_05clone1_05normal	1|1	0.500013	1|1	0.499987	2|1	0
chr6	32200000	32300000	bulk_08clone0_0clone1_02normal	1|1	0.199521	1|1	0	2|1	0.800479
chr6	32200000	32300000	bulk_0clone0_05clone1_05normal	1|1	0.500013	1|1	0.499987	2|1	0
chr6	32300000	32800000	bulk_08clone0_0clone1_02normal	1|1	0.199521	1|1	0	1|1	0.800479
chr6	32300000	32800000	bulk_0clone0_05clone1_05normal	1|1	0.500013	1|1	0.499987	1|1	0
chr6	32900000	33100000	bulk_08clone0_0clone1_02normal	1|1	0.199521	1|1	0	1|1	0.800479
chr6	32900000	33100000	bulk_0clone0_05clone1_05normal	1|1	0.500013	1|1	0.499987	1|1	0
chr6	33400000	45200000	bulk_08clone0_0clone1_02normal	1|1	0.199521	1|1	0	1|1	0.800479
chr6	33400000	45200000	bulk_0clone0_05clone1_05normal	1|1	0.500013	1|1	0.499987	1|1	0
chr6	45200000	45300000	bulk_08clone0_0clone1_02normal	1|1	0.199521	1|1	0	2|1	0.800479
chr6	45200000	45300000	bulk_0clone0_05clone1_05normal	1|1	0.500013	1|1	0.499987	2|1	0
chr6	45300000	58600000	bulk_08clone0_0clone1_02normal	1|1	0.199521	2|0	0	2|0	0.800479
chr6	45300000	58600000	bulk_0clone0_05clone1_05normal	1|1	0.500013	2|0	0.499987	2|0	0
chr6	63300000	95700000	bulk_08clone0_0clone1_02normal	1|1	0.199521	2|0	0	2|0	0.800479
chr6	63300000	95700000	bulk_0clone0_05clone1_05normal	1|1	0.500013	2|0	0.499987	2|0	0
chr6	95800000	124400000	bulk_08clone0_0clone1_02normal	1|1	0.199521	2|0	0	2|0	0.800479
chr6	95800000	124400000	bulk_0clone0_05clone1_05normal	1|1	0.500013	2|0	0.499987	2|0	0
chr6	124400000	138200000	bulk_08clone0_0clone1_02normal	1|1	0.199521	1|1	0	1|1	0.800479
chr6	124400000	138200000	bulk_0clone0_05clone1_05normal	1|1	0.500013	1|1	0.499987	1|1	0
chr6	138200000	141300000	bulk_08clone0_0clone1_02normal	1|1	0.199521	1|0	0	1|0	0.800479
chr6	138200000	141300000	bulk_0clone0_05clone1_05normal	1|1	0.500013	1|0	0.499987	1|0	0
chr6	141300000	141600000	bulk_08clone0_0clone1_02normal	1|1	0.199521	1|1	0	1|0	0.800479
chr6	141300000	141600000	bulk_0clone0_05clone1_05normal	1|1	0.500013	1|1	0.499987	1|0	0
chr6	141600000	154600000	bulk_08clone0_0clone1_02normal	1|1	0.199521	2|0	0	2|0	0.800479
chr6	141600000	154600000	bulk_0clone0_05clone1_05normal	1|1	0.500013	2|0	0.499987	2|0	0
chr6	154600000	171000000	bulk_08clone0_0clone1_02normal	1|1	0.199521	1|1	0	1|1	0.800479
chr6	154600000	171000000	bulk_0clone0_05clone1_05normal	1|1	0.500013	1|1	0.499987	1|1	0
chr7	1	24500000	bulk_08clone0_0clone1_02normal	1|1	0.199521	3|1	0	3|1	0.800479
chr7	1	24500000	bulk_0clone0_05clone1_05normal	1|1	0.500013	3|1	0.499987	3|1	0
chr7	24500000	24600000	bulk_08clone0_0clone1_02normal	1|1	0.199521	1|1	0	2|1	0.800479
chr7	24500000	24600000	bulk_0clone0_05clone1_05normal	1|1	0.500013	1|1	0.499987	2|1	0
chr7	24600000	26700000	bulk_08clone0_0clone1_02normal	1|1	0.199521	2|2	0	2|2	0.800479
chr7	24600000	26700000	bulk_0clone0_05clone1_05normal	1|1	0.500013	2|2	0.499987	2|2	0
chr7	26700000	26800000	bulk_08clone0_0clone1_02normal	1|1	0.199521	1|1	0	2|1	0.800479
chr7	26700000	26800000	bulk_0clone0_05clone1_05normal	1|1	0.500013	1|1	0.499987	2|1	0
chr7	26800000	47700000	bulk_08clone0_0clone1_02normal	1|1	0.199521	1|1	0	1|1	0.800479
chr7	26800000	47700000	bulk_0clone0_05clone1_05normal	1|1	0.500013	1|1	0.499987	1|1	0
chr7	47700000	47800000	bulk_08clone0_0clone1_02normal	1|1	0.199521	1|1	0	2|1	0.800479
chr7	47700000	47800000	bulk_0clone0_05clone1_05normal	1|1	0.500013	1|1	0.499987	2|1	0
chr7	47800000	57900000	bulk_08clone0_0clone1_02normal	1|1	0.199521	2|2	0	2|2	0.800479
chr7	47800000	57900000	bulk_0clone0_05clone1_05normal	1|1	0.500013	2|2	0.499987	2|2	0
chr7	61700000	62400000	bulk_08clone0_0clone1_02normal	1|1	0.199521	2|2	0	2|2	0.800479
chr7	61700000	62400000	bulk_0clone0_05clone1_05normal	1|1	0.500013	2|2	0.499987	2|2	0
chr7	62400000	63400000	bulk_08clone0_0clone1_02normal	1|1	0.199521	2|0	0	2|0	0.800479
chr7	62400000	63400000	bulk_0clone0_05clone1_05normal	1|1	0.500013	2|0	0.499987	2|0	0
chr7	63400000	72500000	bulk_08clone0_0clone1_02normal	1|1	0.199521	2|2	0	2|2	0.800479
chr7	63400000	72500000	bulk_0clone0_05clone1_05normal	1|1	0.500013	2|2	0.499987	2|2	0
chr7	72600000	74600000	bulk_08clone0_0clone1_02normal	1|1	0.199521	2|2	0	2|2	0.800479
chr7	72600000	74600000	bulk_0clone0_05clone1_05normal	1|1	0.500013	2|2	0.499987	2|2	0
chr7	75000000	77700000	bulk_08clone0_0clone1_02normal	1|1	0.199521	2|2	0	2|2	0.800479
chr7	75000000	77700000	bulk_0clone0_05clone1_05normal	1|1	0.500013	2|2	0.499987	2|2	0
chr7	77700000	84000000	bulk_08clone0_0clone1_02normal	1|1	0.199521	2|1	0	2|1	0.800479
chr7	77700000	84000000	bulk_0clone0_05clone1_05normal	1|1	0.500013	2|1	0.499987	2|1	0
chr7	84000000	89400000	bulk_08clone0_0clone1_02normal	1|1	0.199521	1|0	0	1|0	0.800479
chr7	84000000	89400000	bulk_0clone0_05clone1_05normal	1|1	0.500013	1|0	0.499987	1|0	0
chr7	89500000	106500000	bulk_08clone0_0clone1_02normal	1|1	0.199521	1|0	0	1|0	0.800479
chr7	89500000	106500000	bulk_0clone0_05clone1_05normal	1|1	0.500013	1|0	0.499987	1|0	0
chr7	106600000	109900000	bulk_08clone0_0clone1_02normal	1|1	0.199521	1|0	0	1|0	0.800479
chr7	106600000	109900000	bulk_0clone0_05clone1_05normal	1|1	0.500013	1|0	0.499987	1|0	0
chr7	109900000	126700000	bulk_08clone0_0clone1_02normal	1|1	0.199521	3|1	0	3|1	0.800479
chr7	109900000	126700000	bulk_0clone0_05clone1_05normal	1|1	0.500013	3|1	0.499987	3|1	0
chr7	126700000	126800000	bulk_08clone0_0clone1_02normal	1|1	0.199521	1|1	0	2|1	0.800479
chr7	126700000	126800000	bulk_0clone0_05clone1_05normal	1|1	0.500013	1|1	0.499987	2|1	0
chr7	126800000	134500000	bulk_08clone0_0clone1_02normal	1|1	0.199521	3|1	0	3|1	0.800479
chr7	126800000	134500000	bulk_0clone0_05clone1_05normal	1|1	0.500013	3|1	0.499987	3|1	0
chr7	134600000	143300000	bulk_08clone0_0clone1_02normal	1|1	0.199521	3|1	0	3|1	0.800479
chr7	134600000	143300000	bulk_0clone0_05clone1_05normal	1|1	0.500013	3|1	0.499987	3|1	0
chr7	143400000	159100000	bulk_08clone0_0clone1_02normal	1|1	0.199521	3|1	0	3|1	0.800479
chr7	143400000	159100000	bulk_0clone0_05clone1_05normal	1|1	0.500013	3|1	0.499987	3|1	0
chr8	1	10100000	bulk_08clone0_0clone1_02normal	1|1	0.199521	2|0	0	2|1	0.800479
chr8	1	10100000	bulk_0clone0_05clone1_05normal	1|1	0.500013	2|0	0.499987	2|1	0
chr8	10100000	10200000	bulk_08clone0_0clone1_02normal	1|1	0.199521	1|1	0	2|1	0.800479
chr8	10100000	10200000	bulk_0clone0_05clone1_05normal	1|1	0.500013	1|1	0.499987	2|1	0
chr8	10200000	35700000	bulk_08clone0_0clone1_02normal	1|1	0.199521	1|1	0	1|1	0.800479
chr8	10200000	35700000	bulk_0clone0_05clone1_05normal	1|1	0.500013	1|1	0.499987	1|1	0
chr8	35800000	43000000	bulk_08clone0_0clone1_02normal	1|1	0.199521	1|1	0	1|1	0.800479
chr8	35800000	43000000	bulk_0clone0_05clone1_05normal	1|1	0.500013	1|1	0.499987	1|1	0
chr8	48100000	53500000	bulk_08clone0_0clone1_02normal	1|1	0.199521	1|1	0	1|1	0.800479
chr8	48100000	53500000	bulk_0clone0_05clone1_05normal	1|1	0.500013	1|1	0.499987	1|1	0
chr8	53500000	53600000	bulk_08clone0_0clone1_02normal	1|1	0.199521	1|1	0	2|1	0.800479
chr8	53500000	53600000	bulk_0clone0_05clone1_05normal	1|1	0.500013	1|1	0.499987	2|1	0
chr8	53600000	55500000	bulk_08clone0_0clone1_02normal	1|1	0.199521	1|1	0	1|1	0.800479
chr8	53600000	55500000	bulk_0clone0_05clone1_05normal	1|1	0.500013	1|1	0.499987	1|1	0
chr8	55500000	55600000	bulk_08clone0_0clone1_02normal	1|1	0.199521	1|1	0	2|1	0.800479
chr8	55500000	55600000	bulk_0clone0_05clone1_05normal	1|1	0.500013	1|1	0.499987	2|1	0
chr8	55600000	63300000	bulk_08clone0_0clone1_02normal	1|1	0.199521	1|1	0	1|1	0.800479
chr8	55600000	63300000	bulk_0clone0_05clone1_05normal	1|1	0.500013	1|1	0.499987	1|1	0
chr8	63300000	63400000	bulk_08clone0_0clone1_02normal	1|1	0.199521	1|1	0	2|1	0.800479
chr8	63300000	63400000	bulk_0clone0_05clone1_05normal	1|1	0.500013	1|1	0.499987	2|1	0
chr8	63400000	86600000	bulk_08clone0_0clone1_02normal	1|1	0.199521	1|0	0	1|0	0.800479
chr8	63400000	86600000	bulk_0clone0_05clone1_05normal	1|1	0.500013	1|0	0.499987	1|0	0
chr8	86900000	145300000	bulk_08clone0_0clone1_02normal	1|1	0.199521	1|0	0	1|0	0.800479
chr8	86900000	145300000	bulk_0clone0_05clone1_05normal	1|1	0.500013	1|0	0.499987	1|0	0
chr8	145400000	146300000	bulk_08clone0_0clone1_02normal	1|1	0.199521	1|0	0	1|0	0.800479
chr8	145400000	146300000	bulk_0clone0_05clone1_05normal	1|1	0.500013	1|0	0.499987	1|0	0
chr9	1	23500000	bulk_08clone0_0clone1_02normal	1|1	0.199521	1|0	0	1|0	0.800479
chr9	1	23500000	bulk_0clone0_05clone1_05normal	1|1	0.500013	1|0	0.499987	1|0	0
chr9	23500000	23600000	bulk_08clone0_0clone1_02normal	1|1	0.199521	1|1	0	2|1	0.800479
chr9	23500000	23600000	bulk_0clone0_05clone1_05normal	1|1	0.500013	1|1	0.499987	2|1	0
chr9	23600000	35400000	bulk_08clone0_0clone1_02normal	1|1	0.199521	2|2	0	3|1	0.800479
chr9	23600000	35400000	bulk_0clone0_05clone1_05normal	1|1	0.500013	2|2	0.499987	3|1	0
chr9	35500000	39400000	bulk_08clone0_0clone1_02normal	1|1	0.199521	2|2	0	3|1	0.800479
chr9	35500000	39400000	bulk_0clone0_05clone1_05normal	1|1	0.500013	2|2	0.499987	3|1	0
chr9	39500000	39600000	bulk_08clone0_0clone1_02normal	1|1	0.199521	2|2	0	3|1	0.800479
chr9	39500000	39600000	bulk_0clone0_05clone1_05normal	1|1	0.500013	2|2	0.499987	3|1	0
chr9	39700000	39800000	bulk_08clone0_0clone1_02normal	1|1	0.199521	2|2	0	3|1	0.800479
chr9	39700000	39800000	bulk_0clone0_05clone1_05normal	1|1	0.500013	2|2	0.499987	3|1	0
chr9	39900000	40000000	bulk_08clone0_0clone1_02normal	1|1	0.199521	1|1	0	2|1	0.800479
chr9	39900000	40000000	bulk_0clone0_05clone1_05normal	1|1	0.500013	1|1	0.499987	2|1	0
chr9	40000000	40200000	bulk_08clone0_0clone1_02normal	1|1	0.199521	2|2	0	3|1	0.800479
chr9	40000000	40200000	bulk_0clone0_05clone1_05normal	1|1	0.500013	2|2	0.499987	3|1	0
chr9	40300000	40400000	bulk_08clone0_0clone1_02normal	1|1	0.199521	2|2	0	3|1	0.800479
chr9	40300000	40400000	bulk_0clone0_05clone1_05normal	1|1	0.500013	2|2	0.499987	3|1	0
chr9	40500000	41000000	bulk_08clone0_0clone1_02normal	1|1	0.199521	2|2	0	3|1	0.800479
chr9	40500000	41000000	bulk_0clone0_05clone1_05normal	1|1	0.500013	2|2	0.499987	3|1	0
chr9	41200000	41500000	bulk_08clone0_0clone1_02normal	1|1	0.199521	2|2	0	3|1	0.800479
chr9	41200000	41500000	bulk_0clone0_05clone1_05normal	1|1	0.500013	2|2	0.499987	3|1	0
chr9	41900000	42000000	bulk_08clone0_0clone1_02normal	1|1	0.199521	2|2	0	3|1	0.800479
chr9	41900000	42000000	bulk_0clone0_05clone1_05normal	1|1	0.500013	2|2	0.499987	3|1	0
chr9	42200000	42600000	bulk_08clone0_0clone1_02normal	1|1	0.199521	2|2	0	3|1	0.800479
chr9	42200000	42600000	bulk_0clone0_05clone1_05normal	1|1	0.500013	2|2	0.499987	3|1	0
chr9	43100000	43200000	bulk_08clone0_0clone1_02normal	1|1	0.199521	2|2	0	3|1	0.800479
chr9	43100000	43200000	bulk_0clone0_05clone1_05normal	1|1	0.500013	2|2	0.499987	3|1	0
chr9	43300000	44400000	bulk_08clone0_0clone1_02normal	1|1	0.199521	2|2	0	3|1	0.800479
chr9	43300000	44400000	bulk_0clone0_05clone1_05normal	1|1	0.500013	2|2	0.499987	3|1	0
chr9	44700000	45200000	bulk_08clone0_0clone1_02normal	1|1	0.199521	2|2	0	3|1	0.800479
chr9	44700000	45200000	bulk_0clone0_05clone1_05normal	1|1	0.500013	2|2	0.499987	3|1	0
chr9	45300000	45500000	bulk_08clone0_0clone1_02normal	1|1	0.199521	2|2	0	3|1	0.800479
chr9	45300000	45500000	bulk_0clone0_05clone1_05normal	1|1	0.500013	2|2	0.499987	3|1	0
chr9	45600000	45800000	bulk_08clone0_0clone1_02normal	1|1	0.199521	2|2	0	3|1	0.800479
chr9	45600000	45800000	bulk_0clone0_05clone1_05normal	1|1	0.500013	2|2	0.499987	3|1	0
chr9	45900000	46100000	bulk_08clone0_0clone1_02normal	1|1	0.199521	2|2	0	3|1	0.800479
chr9	45900000	46100000	bulk_0clone0_05clone1_05normal	1|1	0.500013	2|2	0.499987	3|1	0
chr9	46200000	46400000	bulk_08clone0_0clone1_02normal	1|1	0.199521	2|2	0	3|1	0.800479
chr9	46200000	46400000	bulk_0clone0_05clone1_05normal	1|1	0.500013	2|2	0.499987	3|1	0
chr9	46700000	46900000	bulk_08clone0_0clone1_02normal	1|1	0.199521	2|2	0	3|1	0.800479
chr9	46700000	46900000	bulk_0clone0_05clone1_05normal	1|1	0.500013	2|2	0.499987	3|1	0
chr9	47100000	47200000	bulk_08clone0_0clone1_02normal	1|1	0.199521	2|2	0	3|1	0.800479
chr9	47100000	47200000	bulk_0clone0_05clone1_05normal	1|1	0.500013	2|2	0.499987	3|1	0
chr9	65500000	65700000	bulk_08clone0_0clone1_02normal	1|1	0.199521	2|2	0	3|1	0.800479
chr9	65500000	65700000	bulk_0clone0_05clone1_05normal	1|1	0.500013	2|2	0.499987	3|1	0
chr9	66000000	67000000	bulk_08clone0_0clone1_02normal	1|1	0.199521	2|2	0	3|1	0.800479
chr9	66000000	67000000	bulk_0clone0_05clone1_05normal	1|1	0.500013	2|2	0.499987	3|1	0
chr9	67200000	67400000	bulk_08clone0_0clone1_02normal	1|1	0.199521	2|2	0	3|1	0.800479
chr9	67200000	67400000	bulk_0clone0_05clone1_05normal	1|1	0.500013	2|2	0.499987	3|1	0
chr9	67600000	68000000	bulk_08clone0_0clone1_02normal	1|1	0.199521	2|2	0	3|1	0.800479
chr9	67600000	68000000	bulk_0clone0_05clone1_05normal	1|1	0.500013	2|2	0.499987	3|1	0
chr9	68100000	68800000	bulk_08clone0_0clone1_02normal	1|1	0.199521	2|2	0	3|1	0.800479
chr9	68100000	68800000	bulk_0clone0_05clone1_05normal	1|1	0.500013	2|2	0.499987	3|1	0
chr9	68900000	69200000	bulk_08clone0_0clone1_02normal	1|1	0.199521	2|2	0	3|1	0.800479
chr9	68900000	69200000	bulk_0clone0_05clone1_05normal	1|1	0.500013	2|2	0.499987	3|1	0
chr9	69300000	70200000	bulk_08clone0_0clone1_02normal	1|1	0.199521	2|2	0	3|1	0.800479
chr9	69300000	70200000	bulk_0clone0_05clone1_05normal	1|1	0.500013	2|2	0.499987	3|1	0
chr9	70600000	70700000	bulk_08clone0_0clone1_02normal	1|1	0.199521	2|2	0	3|1	0.800479
chr9	70600000	70700000	bulk_0clone0_05clone1_05normal	1|1	0.500013	2|2	0.499987	3|1	0
chr9	70800000	90700000	bulk_08clone0_0clone1_02normal	1|1	0.199521	2|2	0	3|1	0.800479
chr9	70800000	90700000	bulk_0clone0_05clone1_05normal	1|1	0.500013	2|2	0.499987	3|1	0
chr9	90700000	92500000	bulk_08clone0_0clone1_02normal	1|1	0.199521	3|1	0	2|0	0.800479
chr9	90700000	92500000	bulk_0clone0_05clone1_05normal	1|1	0.500013	3|1	0.499987	2|0	0
chr9	92600000	92700000	bulk_08clone0_0clone1_02normal	1|1	0.199521	3|1	0	1|0	0.800479
chr9	92600000	92700000	bulk_0clone0_05clone1_05normal	1|1	0.500013	3|1	0.499987	1|0	0
chr9	92700000	93900000	bulk_08clone0_0clone1_02normal	1|1	0.199521	3|1	0	2|0	0.800479
chr9	92700000	93900000	bulk_0clone0_05clone1_05normal	1|1	0.500013	3|1	0.499987	2|0	0
chr9	93900000	104000000	bulk_08clone0_0clone1_02normal	1|1	0.199521	3|1	0	1|0	0.800479
chr9	93900000	104000000	bulk_0clone0_05clone1_05normal	1|1	0.500013	3|1	0.499987	1|0	0
chr9	104000000	133100000	bulk_08clone0_0clone1_02normal	1|1	0.199521	1|0	0	1|1	0.800479
chr9	104000000	133100000	bulk_0clone0_05clone1_05normal	1|1	0.500013	1|0	0.499987	1|1	0
chr9	133200000	141200000	bulk_08clone0_0clone1_02normal	1|1	0.199521	1|0	0	1|1	0.800479
chr9	133200000	141200000	bulk_0clone0_05clone1_05normal	1|1	0.500013	1|0	0.499987	1|1	0
